min_af,min_dp,min_qual,require_gt,miner_n,tp,fp,fn,precision,recall,f1,gt_match,gt_total
0.0,0,0.0,any,17,11,6,2,0.6470588235294118,0.8461538461538461,0.7333333333333334,7,11
0.0,0,0.0,het,17,11,6,2,0.6470588235294118,0.8461538461538461,0.7333333333333334,7,11
0.0,0,0.0,hom-alt,0,0,0,13,0.0,0.0,0.0,0,0
0.0,0,20.0,any,17,11,6,2,0.6470588235294118,0.8461538461538461,0.7333333333333334,7,11
0.0,0,20.0,het,17,11,6,2,0.6470588235294118,0.8461538461538461,0.7333333333333334,7,11
0.0,0,20.0,hom-alt,0,0,0,13,0.0,0.0,0.0,0,0
0.0,0,40.0,any,17,11,6,2,0.6470588235294118,0.8461538461538461,0.7333333333333334,7,11
0.0,0,40.0,het,17,11,6,2,0.6470588235294118,0.8461538461538461,0.7333333333333334,7,11
0.0,0,40.0,hom-alt,0,0,0,13,0.0,0.0,0.0,0,0
0.0,0,60.0,any,17,11,6,2,0.6470588235294118,0.8461538461538461,0.7333333333333334,7,11
0.0,0,60.0,het,17,11,6,2,0.6470588235294118,0.8461538461538461,0.7333333333333334,7,11
0.0,0,60.0,hom-alt,0,0,0,13,0.0,0.0,0.0,0,0
0.0,0,80.0,any,17,11,6,2,0.6470588235294118,0.8461538461538461,0.7333333333333334,7,11
0.0,0,80.0,het,17,11,6,2,0.6470588235294118,0.8461538461538461,0.7333333333333334,7,11
0.0,0,80.0,hom-alt,0,0,0,13,0.0,0.0,0.0,0,0
0.0,10,0.0,any,0,0,0,13,0.0,0.0,0.0,0,0
0.0,10,0.0,het,0,0,0,13,0.0,0.0,0.0,0,0
0.0,10,0.0,hom-alt,0,0,0,13,0.0,0.0,0.0,0,0
0.0,10,20.0,any,0,0,0,13,0.0,0.0,0.0,0,0
0.0,10,20.0,het,0,0,0,13,0.0,0.0,0.0,0,0
0.0,10,20.0,hom-alt,0,0,0,13,0.0,0.0,0.0,0,0
0.0,10,40.0,any,0,0,0,13,0.0,0.0,0.0,0,0
0.0,10,40.0,het,0,0,0,13,0.0,0.0,0.0,0,0
0.0,10,40.0,hom-alt,0,0,0,13,0.0,0.0,0.0,0,0
0.0,10,60.0,any,0,0,0,13,0.0,0.0,0.0,0,0
0.0,10,60.0,het,0,0,0,13,0.0,0.0,0.0,0,0
0.0,10,60.0,hom-alt,0,0,0,13,0.0,0.0,0.0,0,0
0.0,10,80.0,any,0,0,0,13,0.0,0.0,0.0,0,0
0.0,10,80.0,het,0,0,0,13,0.0,0.0,0.0,0,0
0.0,10,80.0,hom-alt,0,0,0,13,0.0,0.0,0.0,0,0
0.0,15,0.0,any,0,0,0,13,0.0,0.0,0.0,0,0
0.0,15,0.0,het,0,0,0,13,0.0,0.0,0.0,0,0
0.0,15,0.0,hom-alt,0,0,0,13,0.0,0.0,0.0,0,0
0.0,15,20.0,any,0,0,0,13,0.0,0.0,0.0,0,0
0.0,15,20.0,het,0,0,0,13,0.0,0.0,0.0,0,0
0.0,15,20.0,hom-alt,0,0,0,13,0.0,0.0,0.0,0,0
0.0,15,40.0,any,0,0,0,13,0.0,0.0,0.0,0,0
0.0,15,40.0,het,0,0,0,13,0.0,0.0,0.0,0,0
0.0,15,40.0,hom-alt,0,0,0,13,0.0,0.0,0.0,0,0
0.0,15,60.0,any,0,0,0,13,0.0,0.0,0.0,0,0
0.0,15,60.0,het,0,0,0,13,0.0,0.0,0.0,0,0
0.0,15,60.0,hom-alt,0,0,0,13,0.0,0.0,0.0,0,0
0.0,15,80.0,any,0,0,0,13,0.0,0.0,0.0,0,0
0.0,15,80.0,het,0,0,0,13,0.0,0.0,0.0,0,0
0.0,15,80.0,hom-alt,0,0,0,13,0.0,0.0,0.0,0,0
0.0,20,0.0,any,0,0,0,13,0.0,0.0,0.0,0,0
0.0,20,0.0,het,0,0,0,13,0.0,0.0,0.0,0,0
0.0,20,0.0,hom-alt,0,0,0,13,0.0,0.0,0.0,0,0
0.0,20,20.0,any,0,0,0,13,0.0,0.0,0.0,0,0
0.0,20,20.0,het,0,0,0,13,0.0,0.0,0.0,0,0
0.0,20,20.0,hom-alt,0,0,0,13,0.0,0.0,0.0,0,0
0.0,20,40.0,any,0,0,0,13,0.0,0.0,0.0,0,0
0.0,20,40.0,het,0,0,0,13,0.0,0.0,0.0,0,0
0.0,20,40.0,hom-alt,0,0,0,13,0.0,0.0,0.0,0,0
0.0,20,60.0,any,0,0,0,13,0.0,0.0,0.0,0,0
0.0,20,60.0,het,0,0,0,13,0.0,0.0,0.0,0,0
0.0,20,60.0,hom-alt,0,0,0,13,0.0,0.0,0.0,0,0
0.0,20,80.0,any,0,0,0,13,0.0,0.0,0.0,0,0
0.0,20,80.0,het,0,0,0,13,0.0,0.0,0.0,0,0
0.0,20,80.0,hom-alt,0,0,0,13,0.0,0.0,0.0,0,0
0.0,25,0.0,any,0,0,0,13,0.0,0.0,0.0,0,0
0.0,25,0.0,het,0,0,0,13,0.0,0.0,0.0,0,0
0.0,25,0.0,hom-alt,0,0,0,13,0.0,0.0,0.0,0,0
0.0,25,20.0,any,0,0,0,13,0.0,0.0,0.0,0,0
0.0,25,20.0,het,0,0,0,13,0.0,0.0,0.0,0,0
0.0,25,20.0,hom-alt,0,0,0,13,0.0,0.0,0.0,0,0
0.0,25,40.0,any,0,0,0,13,0.0,0.0,0.0,0,0
0.0,25,40.0,het,0,0,0,13,0.0,0.0,0.0,0,0
0.0,25,40.0,hom-alt,0,0,0,13,0.0,0.0,0.0,0,0
0.0,25,60.0,any,0,0,0,13,0.0,0.0,0.0,0,0
0.0,25,60.0,het,0,0,0,13,0.0,0.0,0.0,0,0
0.0,25,60.0,hom-alt,0,0,0,13,0.0,0.0,0.0,0,0
0.0,25,80.0,any,0,0,0,13,0.0,0.0,0.0,0,0
0.0,25,80.0,het,0,0,0,13,0.0,0.0,0.0,0,0
0.0,25,80.0,hom-alt,0,0,0,13,0.0,0.0,0.0,0,0
0.0,30,0.0,any,0,0,0,13,0.0,0.0,0.0,0,0
0.0,30,0.0,het,0,0,0,13,0.0,0.0,0.0,0,0
0.0,30,0.0,hom-alt,0,0,0,13,0.0,0.0,0.0,0,0
0.0,30,20.0,any,0,0,0,13,0.0,0.0,0.0,0,0
0.0,30,20.0,het,0,0,0,13,0.0,0.0,0.0,0,0
0.0,30,20.0,hom-alt,0,0,0,13,0.0,0.0,0.0,0,0
0.0,30,40.0,any,0,0,0,13,0.0,0.0,0.0,0,0
0.0,30,40.0,het,0,0,0,13,0.0,0.0,0.0,0,0
0.0,30,40.0,hom-alt,0,0,0,13,0.0,0.0,0.0,0,0
0.0,30,60.0,any,0,0,0,13,0.0,0.0,0.0,0,0
0.0,30,60.0,het,0,0,0,13,0.0,0.0,0.0,0,0
0.0,30,60.0,hom-alt,0,0,0,13,0.0,0.0,0.0,0,0
0.0,30,80.0,any,0,0,0,13,0.0,0.0,0.0,0,0
0.0,30,80.0,het,0,0,0,13,0.0,0.0,0.0,0,0
0.0,30,80.0,hom-alt,0,0,0,13,0.0,0.0,0.0,0,0
0.05,0,0.0,any,0,0,0,13,0.0,0.0,0.0,0,0
0.05,0,0.0,het,0,0,0,13,0.0,0.0,0.0,0,0
0.05,0,0.0,hom-alt,0,0,0,13,0.0,0.0,0.0,0,0
0.05,0,20.0,any,0,0,0,13,0.0,0.0,0.0,0,0
0.05,0,20.0,het,0,0,0,13,0.0,0.0,0.0,0,0
0.05,0,20.0,hom-alt,0,0,0,13,0.0,0.0,0.0,0,0
0.05,0,40.0,any,0,0,0,13,0.0,0.0,0.0,0,0
0.05,0,40.0,het,0,0,0,13,0.0,0.0,0.0,0,0
0.05,0,40.0,hom-alt,0,0,0,13,0.0,0.0,0.0,0,0
0.05,0,60.0,any,0,0,0,13,0.0,0.0,0.0,0,0
0.05,0,60.0,het,0,0,0,13,0.0,0.0,0.0,0,0
0.05,0,60.0,hom-alt,0,0,0,13,0.0,0.0,0.0,0,0
0.05,0,80.0,any,0,0,0,13,0.0,0.0,0.0,0,0
0.05,0,80.0,het,0,0,0,13,0.0,0.0,0.0,0,0
0.05,0,80.0,hom-alt,0,0,0,13,0.0,0.0,0.0,0,0
0.05,10,0.0,any,0,0,0,13,0.0,0.0,0.0,0,0
0.05,10,0.0,het,0,0,0,13,0.0,0.0,0.0,0,0
0.05,10,0.0,hom-alt,0,0,0,13,0.0,0.0,0.0,0,0
0.05,10,20.0,any,0,0,0,13,0.0,0.0,0.0,0,0
0.05,10,20.0,het,0,0,0,13,0.0,0.0,0.0,0,0
0.05,10,20.0,hom-alt,0,0,0,13,0.0,0.0,0.0,0,0
0.05,10,40.0,any,0,0,0,13,0.0,0.0,0.0,0,0
0.05,10,40.0,het,0,0,0,13,0.0,0.0,0.0,0,0
0.05,10,40.0,hom-alt,0,0,0,13,0.0,0.0,0.0,0,0
0.05,10,60.0,any,0,0,0,13,0.0,0.0,0.0,0,0
0.05,10,60.0,het,0,0,0,13,0.0,0.0,0.0,0,0
0.05,10,60.0,hom-alt,0,0,0,13,0.0,0.0,0.0,0,0
0.05,10,80.0,any,0,0,0,13,0.0,0.0,0.0,0,0
0.05,10,80.0,het,0,0,0,13,0.0,0.0,0.0,0,0
0.05,10,80.0,hom-alt,0,0,0,13,0.0,0.0,0.0,0,0
0.05,15,0.0,any,0,0,0,13,0.0,0.0,0.0,0,0
0.05,15,0.0,het,0,0,0,13,0.0,0.0,0.0,0,0
0.05,15,0.0,hom-alt,0,0,0,13,0.0,0.0,0.0,0,0
0.05,15,20.0,any,0,0,0,13,0.0,0.0,0.0,0,0
0.05,15,20.0,het,0,0,0,13,0.0,0.0,0.0,0,0
0.05,15,20.0,hom-alt,0,0,0,13,0.0,0.0,0.0,0,0
0.05,15,40.0,any,0,0,0,13,0.0,0.0,0.0,0,0
0.05,15,40.0,het,0,0,0,13,0.0,0.0,0.0,0,0
0.05,15,40.0,hom-alt,0,0,0,13,0.0,0.0,0.0,0,0
0.05,15,60.0,any,0,0,0,13,0.0,0.0,0.0,0,0
0.05,15,60.0,het,0,0,0,13,0.0,0.0,0.0,0,0
0.05,15,60.0,hom-alt,0,0,0,13,0.0,0.0,0.0,0,0
0.05,15,80.0,any,0,0,0,13,0.0,0.0,0.0,0,0
0.05,15,80.0,het,0,0,0,13,0.0,0.0,0.0,0,0
0.05,15,80.0,hom-alt,0,0,0,13,0.0,0.0,0.0,0,0
0.05,20,0.0,any,0,0,0,13,0.0,0.0,0.0,0,0
0.05,20,0.0,het,0,0,0,13,0.0,0.0,0.0,0,0
0.05,20,0.0,hom-alt,0,0,0,13,0.0,0.0,0.0,0,0
0.05,20,20.0,any,0,0,0,13,0.0,0.0,0.0,0,0
0.05,20,20.0,het,0,0,0,13,0.0,0.0,0.0,0,0
0.05,20,20.0,hom-alt,0,0,0,13,0.0,0.0,0.0,0,0
0.05,20,40.0,any,0,0,0,13,0.0,0.0,0.0,0,0
0.05,20,40.0,het,0,0,0,13,0.0,0.0,0.0,0,0
0.05,20,40.0,hom-alt,0,0,0,13,0.0,0.0,0.0,0,0
0.05,20,60.0,any,0,0,0,13,0.0,0.0,0.0,0,0
0.05,20,60.0,het,0,0,0,13,0.0,0.0,0.0,0,0
0.05,20,60.0,hom-alt,0,0,0,13,0.0,0.0,0.0,0,0
0.05,20,80.0,any,0,0,0,13,0.0,0.0,0.0,0,0
0.05,20,80.0,het,0,0,0,13,0.0,0.0,0.0,0,0
0.05,20,80.0,hom-alt,0,0,0,13,0.0,0.0,0.0,0,0
0.05,25,0.0,any,0,0,0,13,0.0,0.0,0.0,0,0
0.05,25,0.0,het,0,0,0,13,0.0,0.0,0.0,0,0
0.05,25,0.0,hom-alt,0,0,0,13,0.0,0.0,0.0,0,0
0.05,25,20.0,any,0,0,0,13,0.0,0.0,0.0,0,0
0.05,25,20.0,het,0,0,0,13,0.0,0.0,0.0,0,0
0.05,25,20.0,hom-alt,0,0,0,13,0.0,0.0,0.0,0,0
0.05,25,40.0,any,0,0,0,13,0.0,0.0,0.0,0,0
0.05,25,40.0,het,0,0,0,13,0.0,0.0,0.0,0,0
0.05,25,40.0,hom-alt,0,0,0,13,0.0,0.0,0.0,0,0
0.05,25,60.0,any,0,0,0,13,0.0,0.0,0.0,0,0
0.05,25,60.0,het,0,0,0,13,0.0,0.0,0.0,0,0
0.05,25,60.0,hom-alt,0,0,0,13,0.0,0.0,0.0,0,0
0.05,25,80.0,any,0,0,0,13,0.0,0.0,0.0,0,0
0.05,25,80.0,het,0,0,0,13,0.0,0.0,0.0,0,0
0.05,25,80.0,hom-alt,0,0,0,13,0.0,0.0,0.0,0,0
0.05,30,0.0,any,0,0,0,13,0.0,0.0,0.0,0,0
0.05,30,0.0,het,0,0,0,13,0.0,0.0,0.0,0,0
0.05,30,0.0,hom-alt,0,0,0,13,0.0,0.0,0.0,0,0
0.05,30,20.0,any,0,0,0,13,0.0,0.0,0.0,0,0
0.05,30,20.0,het,0,0,0,13,0.0,0.0,0.0,0,0
0.05,30,20.0,hom-alt,0,0,0,13,0.0,0.0,0.0,0,0
0.05,30,40.0,any,0,0,0,13,0.0,0.0,0.0,0,0
0.05,30,40.0,het,0,0,0,13,0.0,0.0,0.0,0,0
0.05,30,40.0,hom-alt,0,0,0,13,0.0,0.0,0.0,0,0
0.05,30,60.0,any,0,0,0,13,0.0,0.0,0.0,0,0
0.05,30,60.0,het,0,0,0,13,0.0,0.0,0.0,0,0
0.05,30,60.0,hom-alt,0,0,0,13,0.0,0.0,0.0,0,0
0.05,30,80.0,any,0,0,0,13,0.0,0.0,0.0,0,0
0.05,30,80.0,het,0,0,0,13,0.0,0.0,0.0,0,0
0.05,30,80.0,hom-alt,0,0,0,13,0.0,0.0,0.0,0,0
0.1,0,0.0,any,0,0,0,13,0.0,0.0,0.0,0,0
0.1,0,0.0,het,0,0,0,13,0.0,0.0,0.0,0,0
0.1,0,0.0,hom-alt,0,0,0,13,0.0,0.0,0.0,0,0
0.1,0,20.0,any,0,0,0,13,0.0,0.0,0.0,0,0
0.1,0,20.0,het,0,0,0,13,0.0,0.0,0.0,0,0
0.1,0,20.0,hom-alt,0,0,0,13,0.0,0.0,0.0,0,0
0.1,0,40.0,any,0,0,0,13,0.0,0.0,0.0,0,0
0.1,0,40.0,het,0,0,0,13,0.0,0.0,0.0,0,0
0.1,0,40.0,hom-alt,0,0,0,13,0.0,0.0,0.0,0,0
0.1,0,60.0,any,0,0,0,13,0.0,0.0,0.0,0,0
0.1,0,60.0,het,0,0,0,13,0.0,0.0,0.0,0,0
0.1,0,60.0,hom-alt,0,0,0,13,0.0,0.0,0.0,0,0
0.1,0,80.0,any,0,0,0,13,0.0,0.0,0.0,0,0
0.1,0,80.0,het,0,0,0,13,0.0,0.0,0.0,0,0
0.1,0,80.0,hom-alt,0,0,0,13,0.0,0.0,0.0,0,0
0.1,10,0.0,any,0,0,0,13,0.0,0.0,0.0,0,0
0.1,10,0.0,het,0,0,0,13,0.0,0.0,0.0,0,0
0.1,10,0.0,hom-alt,0,0,0,13,0.0,0.0,0.0,0,0
0.1,10,20.0,any,0,0,0,13,0.0,0.0,0.0,0,0
0.1,10,20.0,het,0,0,0,13,0.0,0.0,0.0,0,0
0.1,10,20.0,hom-alt,0,0,0,13,0.0,0.0,0.0,0,0
0.1,10,40.0,any,0,0,0,13,0.0,0.0,0.0,0,0
0.1,10,40.0,het,0,0,0,13,0.0,0.0,0.0,0,0
0.1,10,40.0,hom-alt,0,0,0,13,0.0,0.0,0.0,0,0
0.1,10,60.0,any,0,0,0,13,0.0,0.0,0.0,0,0
0.1,10,60.0,het,0,0,0,13,0.0,0.0,0.0,0,0
0.1,10,60.0,hom-alt,0,0,0,13,0.0,0.0,0.0,0,0
0.1,10,80.0,any,0,0,0,13,0.0,0.0,0.0,0,0
0.1,10,80.0,het,0,0,0,13,0.0,0.0,0.0,0,0
0.1,10,80.0,hom-alt,0,0,0,13,0.0,0.0,0.0,0,0
0.1,15,0.0,any,0,0,0,13,0.0,0.0,0.0,0,0
0.1,15,0.0,het,0,0,0,13,0.0,0.0,0.0,0,0
0.1,15,0.0,hom-alt,0,0,0,13,0.0,0.0,0.0,0,0
0.1,15,20.0,any,0,0,0,13,0.0,0.0,0.0,0,0
0.1,15,20.0,het,0,0,0,13,0.0,0.0,0.0,0,0
0.1,15,20.0,hom-alt,0,0,0,13,0.0,0.0,0.0,0,0
0.1,15,40.0,any,0,0,0,13,0.0,0.0,0.0,0,0
0.1,15,40.0,het,0,0,0,13,0.0,0.0,0.0,0,0
0.1,15,40.0,hom-alt,0,0,0,13,0.0,0.0,0.0,0,0
0.1,15,60.0,any,0,0,0,13,0.0,0.0,0.0,0,0
0.1,15,60.0,het,0,0,0,13,0.0,0.0,0.0,0,0
0.1,15,60.0,hom-alt,0,0,0,13,0.0,0.0,0.0,0,0
0.1,15,80.0,any,0,0,0,13,0.0,0.0,0.0,0,0
0.1,15,80.0,het,0,0,0,13,0.0,0.0,0.0,0,0
0.1,15,80.0,hom-alt,0,0,0,13,0.0,0.0,0.0,0,0
0.1,20,0.0,any,0,0,0,13,0.0,0.0,0.0,0,0
0.1,20,0.0,het,0,0,0,13,0.0,0.0,0.0,0,0
0.1,20,0.0,hom-alt,0,0,0,13,0.0,0.0,0.0,0,0
0.1,20,20.0,any,0,0,0,13,0.0,0.0,0.0,0,0
0.1,20,20.0,het,0,0,0,13,0.0,0.0,0.0,0,0
0.1,20,20.0,hom-alt,0,0,0,13,0.0,0.0,0.0,0,0
0.1,20,40.0,any,0,0,0,13,0.0,0.0,0.0,0,0
0.1,20,40.0,het,0,0,0,13,0.0,0.0,0.0,0,0
0.1,20,40.0,hom-alt,0,0,0,13,0.0,0.0,0.0,0,0
0.1,20,60.0,any,0,0,0,13,0.0,0.0,0.0,0,0
0.1,20,60.0,het,0,0,0,13,0.0,0.0,0.0,0,0
0.1,20,60.0,hom-alt,0,0,0,13,0.0,0.0,0.0,0,0
0.1,20,80.0,any,0,0,0,13,0.0,0.0,0.0,0,0
0.1,20,80.0,het,0,0,0,13,0.0,0.0,0.0,0,0
0.1,20,80.0,hom-alt,0,0,0,13,0.0,0.0,0.0,0,0
0.1,25,0.0,any,0,0,0,13,0.0,0.0,0.0,0,0
0.1,25,0.0,het,0,0,0,13,0.0,0.0,0.0,0,0
0.1,25,0.0,hom-alt,0,0,0,13,0.0,0.0,0.0,0,0
0.1,25,20.0,any,0,0,0,13,0.0,0.0,0.0,0,0
0.1,25,20.0,het,0,0,0,13,0.0,0.0,0.0,0,0
0.1,25,20.0,hom-alt,0,0,0,13,0.0,0.0,0.0,0,0
0.1,25,40.0,any,0,0,0,13,0.0,0.0,0.0,0,0
0.1,25,40.0,het,0,0,0,13,0.0,0.0,0.0,0,0
0.1,25,40.0,hom-alt,0,0,0,13,0.0,0.0,0.0,0,0
0.1,25,60.0,any,0,0,0,13,0.0,0.0,0.0,0,0
0.1,25,60.0,het,0,0,0,13,0.0,0.0,0.0,0,0
0.1,25,60.0,hom-alt,0,0,0,13,0.0,0.0,0.0,0,0
0.1,25,80.0,any,0,0,0,13,0.0,0.0,0.0,0,0
0.1,25,80.0,het,0,0,0,13,0.0,0.0,0.0,0,0
0.1,25,80.0,hom-alt,0,0,0,13,0.0,0.0,0.0,0,0
0.1,30,0.0,any,0,0,0,13,0.0,0.0,0.0,0,0
0.1,30,0.0,het,0,0,0,13,0.0,0.0,0.0,0,0
0.1,30,0.0,hom-alt,0,0,0,13,0.0,0.0,0.0,0,0
0.1,30,20.0,any,0,0,0,13,0.0,0.0,0.0,0,0
0.1,30,20.0,het,0,0,0,13,0.0,0.0,0.0,0,0
0.1,30,20.0,hom-alt,0,0,0,13,0.0,0.0,0.0,0,0
0.1,30,40.0,any,0,0,0,13,0.0,0.0,0.0,0,0
0.1,30,40.0,het,0,0,0,13,0.0,0.0,0.0,0,0
0.1,30,40.0,hom-alt,0,0,0,13,0.0,0.0,0.0,0,0
0.1,30,60.0,any,0,0,0,13,0.0,0.0,0.0,0,0
0.1,30,60.0,het,0,0,0,13,0.0,0.0,0.0,0,0
0.1,30,60.0,hom-alt,0,0,0,13,0.0,0.0,0.0,0,0
0.1,30,80.0,any,0,0,0,13,0.0,0.0,0.0,0,0
0.1,30,80.0,het,0,0,0,13,0.0,0.0,0.0,0,0
0.1,30,80.0,hom-alt,0,0,0,13,0.0,0.0,0.0,0,0
0.15,0,0.0,any,0,0,0,13,0.0,0.0,0.0,0,0
0.15,0,0.0,het,0,0,0,13,0.0,0.0,0.0,0,0
0.15,0,0.0,hom-alt,0,0,0,13,0.0,0.0,0.0,0,0
0.15,0,20.0,any,0,0,0,13,0.0,0.0,0.0,0,0
0.15,0,20.0,het,0,0,0,13,0.0,0.0,0.0,0,0
0.15,0,20.0,hom-alt,0,0,0,13,0.0,0.0,0.0,0,0
0.15,0,40.0,any,0,0,0,13,0.0,0.0,0.0,0,0
0.15,0,40.0,het,0,0,0,13,0.0,0.0,0.0,0,0
0.15,0,40.0,hom-alt,0,0,0,13,0.0,0.0,0.0,0,0
0.15,0,60.0,any,0,0,0,13,0.0,0.0,0.0,0,0
0.15,0,60.0,het,0,0,0,13,0.0,0.0,0.0,0,0
0.15,0,60.0,hom-alt,0,0,0,13,0.0,0.0,0.0,0,0
0.15,0,80.0,any,0,0,0,13,0.0,0.0,0.0,0,0
0.15,0,80.0,het,0,0,0,13,0.0,0.0,0.0,0,0
0.15,0,80.0,hom-alt,0,0,0,13,0.0,0.0,0.0,0,0
0.15,10,0.0,any,0,0,0,13,0.0,0.0,0.0,0,0
0.15,10,0.0,het,0,0,0,13,0.0,0.0,0.0,0,0
0.15,10,0.0,hom-alt,0,0,0,13,0.0,0.0,0.0,0,0
0.15,10,20.0,any,0,0,0,13,0.0,0.0,0.0,0,0
0.15,10,20.0,het,0,0,0,13,0.0,0.0,0.0,0,0
0.15,10,20.0,hom-alt,0,0,0,13,0.0,0.0,0.0,0,0
0.15,10,40.0,any,0,0,0,13,0.0,0.0,0.0,0,0
0.15,10,40.0,het,0,0,0,13,0.0,0.0,0.0,0,0
0.15,10,40.0,hom-alt,0,0,0,13,0.0,0.0,0.0,0,0
0.15,10,60.0,any,0,0,0,13,0.0,0.0,0.0,0,0
0.15,10,60.0,het,0,0,0,13,0.0,0.0,0.0,0,0
0.15,10,60.0,hom-alt,0,0,0,13,0.0,0.0,0.0,0,0
0.15,10,80.0,any,0,0,0,13,0.0,0.0,0.0,0,0
0.15,10,80.0,het,0,0,0,13,0.0,0.0,0.0,0,0
0.15,10,80.0,hom-alt,0,0,0,13,0.0,0.0,0.0,0,0
0.15,15,0.0,any,0,0,0,13,0.0,0.0,0.0,0,0
0.15,15,0.0,het,0,0,0,13,0.0,0.0,0.0,0,0
0.15,15,0.0,hom-alt,0,0,0,13,0.0,0.0,0.0,0,0
0.15,15,20.0,any,0,0,0,13,0.0,0.0,0.0,0,0
0.15,15,20.0,het,0,0,0,13,0.0,0.0,0.0,0,0
0.15,15,20.0,hom-alt,0,0,0,13,0.0,0.0,0.0,0,0
0.15,15,40.0,any,0,0,0,13,0.0,0.0,0.0,0,0
0.15,15,40.0,het,0,0,0,13,0.0,0.0,0.0,0,0
0.15,15,40.0,hom-alt,0,0,0,13,0.0,0.0,0.0,0,0
0.15,15,60.0,any,0,0,0,13,0.0,0.0,0.0,0,0
0.15,15,60.0,het,0,0,0,13,0.0,0.0,0.0,0,0
0.15,15,60.0,hom-alt,0,0,0,13,0.0,0.0,0.0,0,0
0.15,15,80.0,any,0,0,0,13,0.0,0.0,0.0,0,0
0.15,15,80.0,het,0,0,0,13,0.0,0.0,0.0,0,0
0.15,15,80.0,hom-alt,0,0,0,13,0.0,0.0,0.0,0,0
0.15,20,0.0,any,0,0,0,13,0.0,0.0,0.0,0,0
0.15,20,0.0,het,0,0,0,13,0.0,0.0,0.0,0,0
0.15,20,0.0,hom-alt,0,0,0,13,0.0,0.0,0.0,0,0
0.15,20,20.0,any,0,0,0,13,0.0,0.0,0.0,0,0
0.15,20,20.0,het,0,0,0,13,0.0,0.0,0.0,0,0
0.15,20,20.0,hom-alt,0,0,0,13,0.0,0.0,0.0,0,0
0.15,20,40.0,any,0,0,0,13,0.0,0.0,0.0,0,0
0.15,20,40.0,het,0,0,0,13,0.0,0.0,0.0,0,0
0.15,20,40.0,hom-alt,0,0,0,13,0.0,0.0,0.0,0,0
0.15,20,60.0,any,0,0,0,13,0.0,0.0,0.0,0,0
0.15,20,60.0,het,0,0,0,13,0.0,0.0,0.0,0,0
0.15,20,60.0,hom-alt,0,0,0,13,0.0,0.0,0.0,0,0
0.15,20,80.0,any,0,0,0,13,0.0,0.0,0.0,0,0
0.15,20,80.0,het,0,0,0,13,0.0,0.0,0.0,0,0
0.15,20,80.0,hom-alt,0,0,0,13,0.0,0.0,0.0,0,0
0.15,25,0.0,any,0,0,0,13,0.0,0.0,0.0,0,0
0.15,25,0.0,het,0,0,0,13,0.0,0.0,0.0,0,0
0.15,25,0.0,hom-alt,0,0,0,13,0.0,0.0,0.0,0,0
0.15,25,20.0,any,0,0,0,13,0.0,0.0,0.0,0,0
0.15,25,20.0,het,0,0,0,13,0.0,0.0,0.0,0,0
0.15,25,20.0,hom-alt,0,0,0,13,0.0,0.0,0.0,0,0
0.15,25,40.0,any,0,0,0,13,0.0,0.0,0.0,0,0
0.15,25,40.0,het,0,0,0,13,0.0,0.0,0.0,0,0
0.15,25,40.0,hom-alt,0,0,0,13,0.0,0.0,0.0,0,0
0.15,25,60.0,any,0,0,0,13,0.0,0.0,0.0,0,0
0.15,25,60.0,het,0,0,0,13,0.0,0.0,0.0,0,0
0.15,25,60.0,hom-alt,0,0,0,13,0.0,0.0,0.0,0,0
0.15,25,80.0,any,0,0,0,13,0.0,0.0,0.0,0,0
0.15,25,80.0,het,0,0,0,13,0.0,0.0,0.0,0,0
0.15,25,80.0,hom-alt,0,0,0,13,0.0,0.0,0.0,0,0
0.15,30,0.0,any,0,0,0,13,0.0,0.0,0.0,0,0
0.15,30,0.0,het,0,0,0,13,0.0,0.0,0.0,0,0
0.15,30,0.0,hom-alt,0,0,0,13,0.0,0.0,0.0,0,0
0.15,30,20.0,any,0,0,0,13,0.0,0.0,0.0,0,0
0.15,30,20.0,het,0,0,0,13,0.0,0.0,0.0,0,0
0.15,30,20.0,hom-alt,0,0,0,13,0.0,0.0,0.0,0,0
0.15,30,40.0,any,0,0,0,13,0.0,0.0,0.0,0,0
0.15,30,40.0,het,0,0,0,13,0.0,0.0,0.0,0,0
0.15,30,40.0,hom-alt,0,0,0,13,0.0,0.0,0.0,0,0
0.15,30,60.0,any,0,0,0,13,0.0,0.0,0.0,0,0
0.15,30,60.0,het,0,0,0,13,0.0,0.0,0.0,0,0
0.15,30,60.0,hom-alt,0,0,0,13,0.0,0.0,0.0,0,0
0.15,30,80.0,any,0,0,0,13,0.0,0.0,0.0,0,0
0.15,30,80.0,het,0,0,0,13,0.0,0.0,0.0,0,0
0.15,30,80.0,hom-alt,0,0,0,13,0.0,0.0,0.0,0,0
0.2,0,0.0,any,0,0,0,13,0.0,0.0,0.0,0,0
0.2,0,0.0,het,0,0,0,13,0.0,0.0,0.0,0,0
0.2,0,0.0,hom-alt,0,0,0,13,0.0,0.0,0.0,0,0
0.2,0,20.0,any,0,0,0,13,0.0,0.0,0.0,0,0
0.2,0,20.0,het,0,0,0,13,0.0,0.0,0.0,0,0
0.2,0,20.0,hom-alt,0,0,0,13,0.0,0.0,0.0,0,0
0.2,0,40.0,any,0,0,0,13,0.0,0.0,0.0,0,0
0.2,0,40.0,het,0,0,0,13,0.0,0.0,0.0,0,0
0.2,0,40.0,hom-alt,0,0,0,13,0.0,0.0,0.0,0,0
0.2,0,60.0,any,0,0,0,13,0.0,0.0,0.0,0,0
0.2,0,60.0,het,0,0,0,13,0.0,0.0,0.0,0,0
0.2,0,60.0,hom-alt,0,0,0,13,0.0,0.0,0.0,0,0
0.2,0,80.0,any,0,0,0,13,0.0,0.0,0.0,0,0
0.2,0,80.0,het,0,0,0,13,0.0,0.0,0.0,0,0
0.2,0,80.0,hom-alt,0,0,0,13,0.0,0.0,0.0,0,0
0.2,10,0.0,any,0,0,0,13,0.0,0.0,0.0,0,0
0.2,10,0.0,het,0,0,0,13,0.0,0.0,0.0,0,0
0.2,10,0.0,hom-alt,0,0,0,13,0.0,0.0,0.0,0,0
0.2,10,20.0,any,0,0,0,13,0.0,0.0,0.0,0,0
0.2,10,20.0,het,0,0,0,13,0.0,0.0,0.0,0,0
0.2,10,20.0,hom-alt,0,0,0,13,0.0,0.0,0.0,0,0
0.2,10,40.0,any,0,0,0,13,0.0,0.0,0.0,0,0
0.2,10,40.0,het,0,0,0,13,0.0,0.0,0.0,0,0
0.2,10,40.0,hom-alt,0,0,0,13,0.0,0.0,0.0,0,0
0.2,10,60.0,any,0,0,0,13,0.0,0.0,0.0,0,0
0.2,10,60.0,het,0,0,0,13,0.0,0.0,0.0,0,0
0.2,10,60.0,hom-alt,0,0,0,13,0.0,0.0,0.0,0,0
0.2,10,80.0,any,0,0,0,13,0.0,0.0,0.0,0,0
0.2,10,80.0,het,0,0,0,13,0.0,0.0,0.0,0,0
0.2,10,80.0,hom-alt,0,0,0,13,0.0,0.0,0.0,0,0
0.2,15,0.0,any,0,0,0,13,0.0,0.0,0.0,0,0
0.2,15,0.0,het,0,0,0,13,0.0,0.0,0.0,0,0
0.2,15,0.0,hom-alt,0,0,0,13,0.0,0.0,0.0,0,0
0.2,15,20.0,any,0,0,0,13,0.0,0.0,0.0,0,0
0.2,15,20.0,het,0,0,0,13,0.0,0.0,0.0,0,0
0.2,15,20.0,hom-alt,0,0,0,13,0.0,0.0,0.0,0,0
0.2,15,40.0,any,0,0,0,13,0.0,0.0,0.0,0,0
0.2,15,40.0,het,0,0,0,13,0.0,0.0,0.0,0,0
0.2,15,40.0,hom-alt,0,0,0,13,0.0,0.0,0.0,0,0
0.2,15,60.0,any,0,0,0,13,0.0,0.0,0.0,0,0
0.2,15,60.0,het,0,0,0,13,0.0,0.0,0.0,0,0
0.2,15,60.0,hom-alt,0,0,0,13,0.0,0.0,0.0,0,0
0.2,15,80.0,any,0,0,0,13,0.0,0.0,0.0,0,0
0.2,15,80.0,het,0,0,0,13,0.0,0.0,0.0,0,0
0.2,15,80.0,hom-alt,0,0,0,13,0.0,0.0,0.0,0,0
0.2,20,0.0,any,0,0,0,13,0.0,0.0,0.0,0,0
0.2,20,0.0,het,0,0,0,13,0.0,0.0,0.0,0,0
0.2,20,0.0,hom-alt,0,0,0,13,0.0,0.0,0.0,0,0
0.2,20,20.0,any,0,0,0,13,0.0,0.0,0.0,0,0
0.2,20,20.0,het,0,0,0,13,0.0,0.0,0.0,0,0
0.2,20,20.0,hom-alt,0,0,0,13,0.0,0.0,0.0,0,0
0.2,20,40.0,any,0,0,0,13,0.0,0.0,0.0,0,0
0.2,20,40.0,het,0,0,0,13,0.0,0.0,0.0,0,0
0.2,20,40.0,hom-alt,0,0,0,13,0.0,0.0,0.0,0,0
0.2,20,60.0,any,0,0,0,13,0.0,0.0,0.0,0,0
0.2,20,60.0,het,0,0,0,13,0.0,0.0,0.0,0,0
0.2,20,60.0,hom-alt,0,0,0,13,0.0,0.0,0.0,0,0
0.2,20,80.0,any,0,0,0,13,0.0,0.0,0.0,0,0
0.2,20,80.0,het,0,0,0,13,0.0,0.0,0.0,0,0
0.2,20,80.0,hom-alt,0,0,0,13,0.0,0.0,0.0,0,0
0.2,25,0.0,any,0,0,0,13,0.0,0.0,0.0,0,0
0.2,25,0.0,het,0,0,0,13,0.0,0.0,0.0,0,0
0.2,25,0.0,hom-alt,0,0,0,13,0.0,0.0,0.0,0,0
0.2,25,20.0,any,0,0,0,13,0.0,0.0,0.0,0,0
0.2,25,20.0,het,0,0,0,13,0.0,0.0,0.0,0,0
0.2,25,20.0,hom-alt,0,0,0,13,0.0,0.0,0.0,0,0
0.2,25,40.0,any,0,0,0,13,0.0,0.0,0.0,0,0
0.2,25,40.0,het,0,0,0,13,0.0,0.0,0.0,0,0
0.2,25,40.0,hom-alt,0,0,0,13,0.0,0.0,0.0,0,0
0.2,25,60.0,any,0,0,0,13,0.0,0.0,0.0,0,0
0.2,25,60.0,het,0,0,0,13,0.0,0.0,0.0,0,0
0.2,25,60.0,hom-alt,0,0,0,13,0.0,0.0,0.0,0,0
0.2,25,80.0,any,0,0,0,13,0.0,0.0,0.0,0,0
0.2,25,80.0,het,0,0,0,13,0.0,0.0,0.0,0,0
0.2,25,80.0,hom-alt,0,0,0,13,0.0,0.0,0.0,0,0
0.2,30,0.0,any,0,0,0,13,0.0,0.0,0.0,0,0
0.2,30,0.0,het,0,0,0,13,0.0,0.0,0.0,0,0
0.2,30,0.0,hom-alt,0,0,0,13,0.0,0.0,0.0,0,0
0.2,30,20.0,any,0,0,0,13,0.0,0.0,0.0,0,0
0.2,30,20.0,het,0,0,0,13,0.0,0.0,0.0,0,0
0.2,30,20.0,hom-alt,0,0,0,13,0.0,0.0,0.0,0,0
0.2,30,40.0,any,0,0,0,13,0.0,0.0,0.0,0,0
0.2,30,40.0,het,0,0,0,13,0.0,0.0,0.0,0,0
0.2,30,40.0,hom-alt,0,0,0,13,0.0,0.0,0.0,0,0
0.2,30,60.0,any,0,0,0,13,0.0,0.0,0.0,0,0
0.2,30,60.0,het,0,0,0,13,0.0,0.0,0.0,0,0
0.2,30,60.0,hom-alt,0,0,0,13,0.0,0.0,0.0,0,0
0.2,30,80.0,any,0,0,0,13,0.0,0.0,0.0,0,0
0.2,30,80.0,het,0,0,0,13,0.0,0.0,0.0,0,0
0.2,30,80.0,hom-alt,0,0,0,13,0.0,0.0,0.0,0,0
0.25,0,0.0,any,0,0,0,13,0.0,0.0,0.0,0,0
0.25,0,0.0,het,0,0,0,13,0.0,0.0,0.0,0,0
0.25,0,0.0,hom-alt,0,0,0,13,0.0,0.0,0.0,0,0
0.25,0,20.0,any,0,0,0,13,0.0,0.0,0.0,0,0
0.25,0,20.0,het,0,0,0,13,0.0,0.0,0.0,0,0
0.25,0,20.0,hom-alt,0,0,0,13,0.0,0.0,0.0,0,0
0.25,0,40.0,any,0,0,0,13,0.0,0.0,0.0,0,0
0.25,0,40.0,het,0,0,0,13,0.0,0.0,0.0,0,0
0.25,0,40.0,hom-alt,0,0,0,13,0.0,0.0,0.0,0,0
0.25,0,60.0,any,0,0,0,13,0.0,0.0,0.0,0,0
0.25,0,60.0,het,0,0,0,13,0.0,0.0,0.0,0,0
0.25,0,60.0,hom-alt,0,0,0,13,0.0,0.0,0.0,0,0
0.25,0,80.0,any,0,0,0,13,0.0,0.0,0.0,0,0
0.25,0,80.0,het,0,0,0,13,0.0,0.0,0.0,0,0
0.25,0,80.0,hom-alt,0,0,0,13,0.0,0.0,0.0,0,0
0.25,10,0.0,any,0,0,0,13,0.0,0.0,0.0,0,0
0.25,10,0.0,het,0,0,0,13,0.0,0.0,0.0,0,0
0.25,10,0.0,hom-alt,0,0,0,13,0.0,0.0,0.0,0,0
0.25,10,20.0,any,0,0,0,13,0.0,0.0,0.0,0,0
0.25,10,20.0,het,0,0,0,13,0.0,0.0,0.0,0,0
0.25,10,20.0,hom-alt,0,0,0,13,0.0,0.0,0.0,0,0
0.25,10,40.0,any,0,0,0,13,0.0,0.0,0.0,0,0
0.25,10,40.0,het,0,0,0,13,0.0,0.0,0.0,0,0
0.25,10,40.0,hom-alt,0,0,0,13,0.0,0.0,0.0,0,0
0.25,10,60.0,any,0,0,0,13,0.0,0.0,0.0,0,0
0.25,10,60.0,het,0,0,0,13,0.0,0.0,0.0,0,0
0.25,10,60.0,hom-alt,0,0,0,13,0.0,0.0,0.0,0,0
0.25,10,80.0,any,0,0,0,13,0.0,0.0,0.0,0,0
0.25,10,80.0,het,0,0,0,13,0.0,0.0,0.0,0,0
0.25,10,80.0,hom-alt,0,0,0,13,0.0,0.0,0.0,0,0
0.25,15,0.0,any,0,0,0,13,0.0,0.0,0.0,0,0
0.25,15,0.0,het,0,0,0,13,0.0,0.0,0.0,0,0
0.25,15,0.0,hom-alt,0,0,0,13,0.0,0.0,0.0,0,0
0.25,15,20.0,any,0,0,0,13,0.0,0.0,0.0,0,0
0.25,15,20.0,het,0,0,0,13,0.0,0.0,0.0,0,0
0.25,15,20.0,hom-alt,0,0,0,13,0.0,0.0,0.0,0,0
0.25,15,40.0,any,0,0,0,13,0.0,0.0,0.0,0,0
0.25,15,40.0,het,0,0,0,13,0.0,0.0,0.0,0,0
0.25,15,40.0,hom-alt,0,0,0,13,0.0,0.0,0.0,0,0
0.25,15,60.0,any,0,0,0,13,0.0,0.0,0.0,0,0
0.25,15,60.0,het,0,0,0,13,0.0,0.0,0.0,0,0
0.25,15,60.0,hom-alt,0,0,0,13,0.0,0.0,0.0,0,0
0.25,15,80.0,any,0,0,0,13,0.0,0.0,0.0,0,0
0.25,15,80.0,het,0,0,0,13,0.0,0.0,0.0,0,0
0.25,15,80.0,hom-alt,0,0,0,13,0.0,0.0,0.0,0,0
0.25,20,0.0,any,0,0,0,13,0.0,0.0,0.0,0,0
0.25,20,0.0,het,0,0,0,13,0.0,0.0,0.0,0,0
0.25,20,0.0,hom-alt,0,0,0,13,0.0,0.0,0.0,0,0
0.25,20,20.0,any,0,0,0,13,0.0,0.0,0.0,0,0
0.25,20,20.0,het,0,0,0,13,0.0,0.0,0.0,0,0
0.25,20,20.0,hom-alt,0,0,0,13,0.0,0.0,0.0,0,0
0.25,20,40.0,any,0,0,0,13,0.0,0.0,0.0,0,0
0.25,20,40.0,het,0,0,0,13,0.0,0.0,0.0,0,0
0.25,20,40.0,hom-alt,0,0,0,13,0.0,0.0,0.0,0,0
0.25,20,60.0,any,0,0,0,13,0.0,0.0,0.0,0,0
0.25,20,60.0,het,0,0,0,13,0.0,0.0,0.0,0,0
0.25,20,60.0,hom-alt,0,0,0,13,0.0,0.0,0.0,0,0
0.25,20,80.0,any,0,0,0,13,0.0,0.0,0.0,0,0
0.25,20,80.0,het,0,0,0,13,0.0,0.0,0.0,0,0
0.25,20,80.0,hom-alt,0,0,0,13,0.0,0.0,0.0,0,0
0.25,25,0.0,any,0,0,0,13,0.0,0.0,0.0,0,0
0.25,25,0.0,het,0,0,0,13,0.0,0.0,0.0,0,0
0.25,25,0.0,hom-alt,0,0,0,13,0.0,0.0,0.0,0,0
0.25,25,20.0,any,0,0,0,13,0.0,0.0,0.0,0,0
0.25,25,20.0,het,0,0,0,13,0.0,0.0,0.0,0,0
0.25,25,20.0,hom-alt,0,0,0,13,0.0,0.0,0.0,0,0
0.25,25,40.0,any,0,0,0,13,0.0,0.0,0.0,0,0
0.25,25,40.0,het,0,0,0,13,0.0,0.0,0.0,0,0
0.25,25,40.0,hom-alt,0,0,0,13,0.0,0.0,0.0,0,0
0.25,25,60.0,any,0,0,0,13,0.0,0.0,0.0,0,0
0.25,25,60.0,het,0,0,0,13,0.0,0.0,0.0,0,0
0.25,25,60.0,hom-alt,0,0,0,13,0.0,0.0,0.0,0,0
0.25,25,80.0,any,0,0,0,13,0.0,0.0,0.0,0,0
0.25,25,80.0,het,0,0,0,13,0.0,0.0,0.0,0,0
0.25,25,80.0,hom-alt,0,0,0,13,0.0,0.0,0.0,0,0
0.25,30,0.0,any,0,0,0,13,0.0,0.0,0.0,0,0
0.25,30,0.0,het,0,0,0,13,0.0,0.0,0.0,0,0
0.25,30,0.0,hom-alt,0,0,0,13,0.0,0.0,0.0,0,0
0.25,30,20.0,any,0,0,0,13,0.0,0.0,0.0,0,0
0.25,30,20.0,het,0,0,0,13,0.0,0.0,0.0,0,0
0.25,30,20.0,hom-alt,0,0,0,13,0.0,0.0,0.0,0,0
0.25,30,40.0,any,0,0,0,13,0.0,0.0,0.0,0,0
0.25,30,40.0,het,0,0,0,13,0.0,0.0,0.0,0,0
0.25,30,40.0,hom-alt,0,0,0,13,0.0,0.0,0.0,0,0
0.25,30,60.0,any,0,0,0,13,0.0,0.0,0.0,0,0
0.25,30,60.0,het,0,0,0,13,0.0,0.0,0.0,0,0
0.25,30,60.0,hom-alt,0,0,0,13,0.0,0.0,0.0,0,0
0.25,30,80.0,any,0,0,0,13,0.0,0.0,0.0,0,0
0.25,30,80.0,het,0,0,0,13,0.0,0.0,0.0,0,0
0.25,30,80.0,hom-alt,0,0,0,13,0.0,0.0,0.0,0,0
